{
 "colors": [
  {
   "color": "(0, 0, 0, 1)",
   "index": 0
  },
  {
   "color": "(0.1294, 0.1216, 0.2039, 1)",
   "index": 1
  },
  {
   "color": "(0.2667, 0.1569, 0.2314, 1)",
   "index": 2
  },
  {
   "color": "(0.4, 0.2196, 0.1922, 1)",
   "index": 3
  },
  {
   "color": "(0.5569, 0.3373, 0.2314, 1)",
   "index": 4
  },
  {
   "color": "(0.8745, 0.4392, 0.149, 1)",
   "index": 5
  },
  {
   "color": "(0.8471, 0.6275, 0.4, 1)",
   "index": 6
  },
  {
   "color": "(0.9294, 0.7647, 0.6039, 1)",
   "index": 7
  },
  {
   "color": "(0.9843, 0.949, 0.2118, 1)",
   "index": 8
  },
  {
   "color": "(0.6, 0.8941, 0.3137, 1)",
   "index": 9
  },
  {
   "color": "(0.4118, 0.7412, 0.1843, 1)",
   "index": 10
  },
  {
   "color": "(0.2118, 0.5765, 0.4314, 1)",
   "index": 11
  },
  {
   "color": "(0.2941, 0.4118, 0.1843, 1)",
   "index": 12
  },
  {
   "color": "(0.3216, 0.2941, 0.1373, 1)",
   "index": 13
  },
  {
   "color": "(0.1922, 0.2314, 0.2196, 1)",
   "index": 14
  },
  {
   "color": "(0.2471, 0.2471, 0.4549, 1)",
   "index": 15
  },
  {
   "color": "(0.1843, 0.3765, 0.5098, 1)",
   "index": 16
  },
  {
   "color": "(0.3569, 0.4314, 0.8824, 1)",
   "index": 17
  },
  {
   "color": "(0.3843, 0.6039, 1, 1)",
   "index": 18
  },
  {
   "color": "(0.3686, 0.8039, 0.8941, 1)",
   "index": 19
  },
  {
   "color": "(0.7922, 0.8588, 0.9843, 1)",
   "index": 20
  },
  {
   "color": "(1, 1, 1, 1)",
   "index": 21
  },
  {
   "color": "(0.6039, 0.6745, 0.7137, 1)",
   "index": 22
  },
  {
   "color": "(0.5137, 0.4941, 0.5294, 1)",
   "index": 23
  },
  {
   "color": "(0.4118, 0.4118, 0.4118, 1)",
   "index": 24
  },
  {
   "color": "(0.349, 0.3373, 0.3216, 1)",
   "index": 25
  },
  {
   "color": "(0.4588, 0.2588, 0.5373, 1)",
   "index": 26
  },
  {
   "color": "(0.6745, 0.1922, 0.1922, 1)",
   "index": 27
  },
  {
   "color": "(0.8471, 0.3373, 0.3843, 1)",
   "index": 28
  },
  {
   "color": "(0.8392, 0.4824, 0.7294, 1)",
   "index": 29
  },
  {
   "color": "(0.5569, 0.5922, 0.2863, 1)",
   "index": 30
  },
  {
   "color": "(0.5373, 0.4314, 0.1843, 1)",
   "index": 31
  }
 ],
 "comment": "Author: DawnBringer\nFound in Lospec\nhttps://lospec.com/palette-list/dawnbringer-32",
 "height": 4,
 "width": 8
}
