{
 "colors": [
  {
   "color": "(0.902, 0.8157, 0.6314, 1)",
   "index": 1
  },
  {
   "color": "(0.8, 0.6706, 0.5216, 1)",
   "index": 2
  },
  {
   "color": "(0.702, 0.5451, 0.4549, 1)",
   "index": 3
  },
  {
   "color": "(0.6, 0.4392, 0.3882, 1)",
   "index": 4
  },
  {
   "color": "(0.502, 0.349, 0.349, 1)",
   "index": 5
  },
  {
   "color": "(0.4, 0.2784, 0.3176, 1)",
   "index": 6
  },
  {
   "color": "(0.349, 0.2431, 0.298, 1)",
   "index": 7
  },
  {
   "color": "(0.302, 0.2118, 0.2667, 1)",
   "index": 8
  },
  {
   "color": "(0.251, 0.149, 0.2353, 1)",
   "index": 9
  },
  {
   "color": "(0.2, 0.1098, 0.2, 1)",
   "index": 10
  },
  {
   "color": "(0.1412, 0.0745, 0.149, 1)",
   "index": 11
  },
  {
   "color": "(1, 0.5216, 0.451, 1)",
   "index": 12
  },
  {
   "color": "(1, 0.4353, 0.349, 1)",
   "index": 13
  },
  {
   "color": "(1, 0.349, 0.3725, 1)",
   "index": 14
  },
  {
   "color": "(0.949, 0.2392, 0.3804, 1)",
   "index": 15
  },
  {
   "color": "(0.851, 0.2118, 0.4471, 1)",
   "index": 16
  },
  {
   "color": "(0.702, 0.1765, 0.5412, 1)",
   "index": 17
  },
  {
   "color": "(0.6039, 0.1569, 0.6196, 1)",
   "index": 18
  },
  {
   "color": "(0.451, 0.1569, 0.6196, 1)",
   "index": 19
  },
  {
   "color": "(0.3412, 0.1412, 0.5686, 1)",
   "index": 20
  },
  {
   "color": "(0.2196, 0.102, 0.4, 1)",
   "index": 21
  },
  {
   "color": "(0.1922, 0.0824, 0.349, 1)",
   "index": 22
  },
  {
   "color": "(0.1373, 0.0588, 0.251, 1)",
   "index": 23
  },
  {
   "color": "(1, 0.9686, 0.4, 1)",
   "index": 24
  },
  {
   "color": "(0.9804, 0.9333, 0.0667, 1)",
   "index": 25
  },
  {
   "color": "(0.9804, 0.7843, 0.0667, 1)",
   "index": 26
  },
  {
   "color": "(0.9608, 0.6392, 0.1255, 1)",
   "index": 27
  },
  {
   "color": "(0.9647, 0.5059, 0.1294, 1)",
   "index": 28
  },
  {
   "color": "(0.9294, 0.349, 0.1216, 1)",
   "index": 29
  },
  {
   "color": "(0.9294, 0.2549, 0.1216, 1)",
   "index": 30
  },
  {
   "color": "(0.9255, 0.1216, 0.149, 1)",
   "index": 31
  },
  {
   "color": "(0.7294, 0.0941, 0.2235, 1)",
   "index": 32
  },
  {
   "color": "(0.5294, 0.0706, 0.2392, 1)",
   "index": 33
  },
  {
   "color": "(0.3294, 0.0431, 0.2431, 1)",
   "index": 34
  },
  {
   "color": "(0.1451, 0.0196, 0.149, 1)",
   "index": 35
  },
  {
   "color": "(0.7333, 1, 0.502, 1)",
   "index": 36
  },
  {
   "color": "(0.5961, 0.949, 0.2863, 1)",
   "index": 37
  },
  {
   "color": "(0.3529, 0.902, 0.2706, 1)",
   "index": 38
  },
  {
   "color": "(0.1608, 0.8, 0.2863, 1)",
   "index": 39
  },
  {
   "color": "(0.0902, 0.702, 0.2941, 1)",
   "index": 40
  },
  {
   "color": "(0.0863, 0.651, 0.3843, 1)",
   "index": 41
  },
  {
   "color": "(0.0667, 0.502, 0.4431, 1)",
   "index": 42
  },
  {
   "color": "(0.0588, 0.3725, 0.451, 1)",
   "index": 43
  },
  {
   "color": "(0.102, 0.2392, 0.4, 1)",
   "index": 44
  },
  {
   "color": "(0.1216, 0.1569, 0.4, 1)",
   "index": 45
  },
  {
   "color": "(0.1333, 0.0902, 0.302, 1)",
   "index": 46
  },
  {
   "color": "(0.1216, 0.051, 0.1804, 1)",
   "index": 47
  },
  {
   "color": "(0.451, 1, 0.6784, 1)",
   "index": 48
  },
  {
   "color": "(0.3333, 0.949, 0.6941, 1)",
   "index": 49
  },
  {
   "color": "(0.2118, 0.851, 0.6902, 1)",
   "index": 50
  },
  {
   "color": "(0.1882, 0.749, 0.702, 1)",
   "index": 51
  },
  {
   "color": "(0.1765, 0.6667, 0.7098, 1)",
   "index": 52
  },
  {
   "color": "(0.1294, 0.5216, 0.651, 1)",
   "index": 53
  },
  {
   "color": "(0.1216, 0.4, 0.6, 1)",
   "index": 54
  },
  {
   "color": "(0.9961, 1, 0.851, 1)",
   "index": 0
  },
  {
   "color": "(0.1098, 0.2941, 0.549, 1)",
   "index": 55
  }
 ],
 "comment": "Author: Erevoid",
 "height": 5,
 "width": 12
}
